{
  "trained_at": "2026-02-05T00:30:28.972581",
  "model_type": "Ensemble (RF + GB)",
  "dataset_size": 1000,
  "n_features": 31,
  "n_classes": 10,
  "metrics": {
    "train_accuracy": 1.0,
    "test_accuracy": 0.8405797101449275,
    "train_f1": 1.0,
    "test_f1": 0.8397934499737372,
    "cv_mean": 0.7929221568563741,
    "cv_std": 0.029006818416015687,
    "cv_min": 0.7156671520698981,
    "cv_max": 0.8179491614411522
  },
  "model_params": {
    "rf_n_estimators": 400,
    "rf_max_depth": 25,
    "gb_n_estimators": 300
  }
}