{
  "trained_at": "2026-02-02T15:19:00.350546",
  "dataset_size": 1000,
  "n_features": 12,
  "n_classes": 10,
  "metrics": {
    "train_accuracy": 0.995,
    "test_accuracy": 0.7,
    "train_f1": 0.9950079856924684,
    "test_f1": 0.6991457102172113,
    "cv_mean": 0.71145993189124,
    "cv_std": 0.04321437625155155
  },
  "model_params": {
    "n_estimators": 300,
    "max_depth": 20,
    "min_samples_split": 3,
    "min_samples_leaf": 1
  }
}